verdict	promoted	file	word
-	0	antidote_fusion.pdb	
-	0	antidote_fusion.pdb	
-	0	antidote_fusion.pdb	
B	11	AAV9_CFTR_odot.pdb	⊢⊣≺⋈≻⊥∈⊞≺◻⊞
B	117	1EMA.pdb	⊞◻◻⋈⊤◻⊥⊥∈⊙⊞⋈◻◻⊥≺⊞⊞⋈⊤≻⊞⊣⋈∋≻⋈≺⊥⊙⊞⊙⊥⋈⋈⊞◻≺∋◻⊤⋈⋈⊞⊥⊥∈≺⊞◻⊞⋈◻⊥∈⊤◻⊞⊤⊥⋈⊞◻⊥∈⊤⊙⊞◻≺∈≺∈⊙∈≺⊤⊥⊞∋⊞∈⊤⊞∈⋈⊞⊤⊙∈⊤◻⊥∋⊥⊙≺∋∋∈⊤⊥⊥∈⊙≺∋⊞⊥∈◻⊞⊥⊙◻⋈⊤
B	122	NEUROGENIN_OCTOPUS.pdb	∈◻∈≻⊤⊤∈⋈≻⋈◻⊤◻⊤∈∈◻◻∈◻⊤⊢⊥∋⊥∈◻⊞⊞∋⊥⊥⊥⊥⊥⊥⊥⊥⊥⊥⊥⊥⊥⊥⊥⊥⊥⊥⊥⊥⊥⊥⊥⊥⊥⊥⊥⊥⊥⊥⊥⊥⊥⊥⊥⊥⊥⊥⊥⊥⊥⊥⊥⊥⊥⊥⊥⊥⊥⊥⊥⊥⊥⊥⊥⊥⊥⊥⊥⊥⊥⊥⊥⊥⊥⊥⊥⊥⊥⊥⊥⊥⊥⊥⊥⊥⊥⊥⊥⊥⊥⊥⊥⊥⊥◻⋈◻⊤◻⊞⊥
B	13	DARPin_odot.pdb	⊢⊣⊙⋈≺≻⊥∈⊞⊞≺◻⊢
B	130	gfp_exact_platonic.pdb	⊢⊞◻◻⋈⊤◻⊥⊥∈⊙⊞⋈◻◻⊥≺⊞⊞⋈⊤≻⊞⊣⋈≺∋≻⋈≺⊥⊙⊢⊞∋⊙⊥⋈⋈⊞⊢◻≺∋◻⊤⋈⋈⊞⊥⊥∈≺⊞◻⊞⋈◻⊥∈⊤◻⊞⊤⊥⋈⊞◻⊥∈⊤⊙⊞◻≺∈≺∈⊙∈≺⊤⊢⊥⊞∋⊞∈⊤⊞∈⋈⊞⊤⊙∈⊤◻⊥∋⊥⊙≺∋∋∈⊤⊥⊥∈⊙≺∋⊞⊥∈◻⊞⊥⊙⊢◻⋈⊤⊙⊢⊥◻≺⊞
B	130	gfp_platonic.pdb	⊢⊞◻◻⋈⊤◻⊥⊥∈⊙⊞⋈◻◻⊥≺⊞⊞⋈⊤≻⊞⊣⋈≺∋≻⋈≺⊥⊙⊢⊞∋⊙⊥⋈⋈⊞⊢◻≺∋◻⊤⋈⋈⊞⊥⊥∈≺⊞◻⊞⋈◻⊥∈⊤◻⊞⊤⊥⋈⊞◻⊥∈⊤⊙⊞◻≺∈≺∈⊙∈≺⊤⊢⊥⊞∋⊞∈⊤⊞∈⋈⊞⊤⊙∈⊤◻⊥∋⊥⊙≺∋∋∈⊤⊥⊥∈⊙≺∋⊞⊥∈◻⊞⊥⊙⊢◻⋈⊤⊙⊢⊥◻≺⊞
B	133	2Y0G.pdb	⊞◻◻⋈⊤◻⊥⊥∈⊙⊞⋈◻◻⊥≺⊞⊞⋈⊤⊤≻⊞⊣∋≻⋈≺⊥⊙⊢⊞⊞∋⊙⊥⋈⋈⊞⊢◻≺∋◻⊤⋈⋈⊞⊞⊥⊥∈≺⊞⊞◻⊞⋈◻⊥⊥∈⊤◻◻⊞⊤⊥⋈⊞◻⊥∈⊤⊙⊞◻≺∈≺∈⊙∈≺⊤⊢⊥⊞∋⊞∈⊤⊞∈∈⋈⊞⊤⊙∈⊤◻◻⊥∋⊥⊙≺∋∋∋∈⊤⊥⊥⊥⊥∈⊙≺∋⊞⊥∈◻⊞⊥⊙⊢◻◻⋈⊤
B	189	REFLECTIN_A1.pdb	∈◻⊙∈⊤≻≻≺◻⋈◻≻⋈≻≻⊢∈≺⋈⊢≺⋈∋∈≺≺⊣⊥≺≺≺≺≺≺≺≺≺≺≺≺≺≺≺≺≺⊙≺≺≺≺≺⊙≺≺≺≺≺⊙≺≺≺≺≺⊙≺≺≺≺⊙≺≺≺≺⊙≺≺≺≺≺⊙≺≺≺≺≺⊙≺≺≺⊙≺⊙≺≺≺⊙≺≺≺≺≺⊙≺≺≺⊙≺⊙≺≺≺⊙≺≺≺≺≺⊙≺≺≺⊙≺⊙≺≺≺⊙≺≺≺≺≺⊙≺≺≺⊙≺⊙≺≺≺⊙≺≺≺≺⊙≺≺≺≺≺≺≺≺⊙≺≺≺≺≺∈≺≺≺≺≺≺≺≺⊙≺≺≺≺≺≺≺≺⊙≺≺≺≺≺≺≺
B	19	acth_exact_platonic.pdb	≺⊢◻⊙⋈⊣⊞⊞⊞⊞≺∈◻∈◻◻⋈◻⋈
B	19	acth_platonic.pdb	≺⊢◻⊙⋈⊣⊞⊞⊞⊞≺∈◻∈◻◻⋈◻⋈
B	190	CEPHALOPOD_OPSIN.pdb	⊤⊤∈◻∈⊤⊤◻⊙◻≻◻⋈⊞⊤∈⊤⊤∈⊢∈◻∈⋈≺⊢∈⊞⋈◻≺∋≺≺◻⊣⊞≺≺⊢⋈⋈⊤⋈⊤∈⋈≺⊤∋⊙⊞⊞∈≺⊤∈⊥⋈⊢⋈⋈⊢≺⊢⊙≺⋈⋈≻∈◻⋈⋈◻⊤⊣⊤◻≺≻⊞⊢∈⋈⋈◻∈⊙⊤⊢⋈⊣⊤⊢≻⊣≺⊤◻⊢∋≻≻⊤⊥≺≺⊞◻∈∈◻⋈⊤≺⊢⋈⊙⋈⊤⊤⊤⋈⋈≻≺≻⊞◻∋∋∋◻∋⊞◻⊞◻⊢⊤⊤⊢⊤⋈⊤≻⊣≺⋈≺⊤⋈⊙∋◻⋈⊤⋈⊢⋈⋈⊞≺∈⊢⊤≺⊤⊢⊢∈⊞∋⋈∈≻⊢⊤≻≻⊞∈⊥⊥◻⊞◻∋∋
B	194	nAChR_ALPHA7_MOTOR.pdb	∈⊤≻⊤∈⊤≻≻◻≺≻⊙⊤∈◻◻≻◻≻⊙⊢⊙◻⊢≻∈⊢∋◻⊥⋈∈≺⊤∈⊤⊥∈⋈◻⋈⊥∈∋≺⊤⊥⊥⊥≺⊙⋈⋈≻◻⊥≺∋⋈∈⊣⊢≺⊥⊞⊣⊞⊙⋈⊥≺∋∈≻⊤⋈◻⊙≺≺⊥⋈⊥⊤⊙⊣◻≺⊣◻∈⋈◻⊤∈⋈∈∋≺⊙≻◻◻⊥≺⋈⊥⊞≺⊤⋈≺⊥⋈◻⊥⊥⊤∋⊥⊙⊥∋⊙≺⊥≺⊙⊥⊥⋈∋⊤⊢◻◻⋈≺⊞⊞⊥⊥◻⊤≺⊥∋⋈⋈⊤≻⋈≻⋈⊙≺⊥∈⊢⊤⊞∋⊙∋⊤∋∈⊞⊥⊥⊥∈◻⊥◻⊞⊣⊞⊞⋈⊤≻⊙⋈⊞⊣∈⊣≻⋈⋈⊣∋⊥
B	24	1ZDD.pdb	⋈∈⊢∋≻∋⋈≺◻⊙⊥∈∈◻◻∋∈⊞⊤⊞⊤⊥⊥≻
B	243	PAPILLIN_HYDROSTAT.pdb	⊙≺⊥⊤≻⊞◻◻∈◻⊤∈⋈⊥⊞⊤∈⊤◻⊢⊥∈◻⊥∈⋈⊥⊥⊥⋈⊥⊥◻⊥⊥⊥∈⊥◻⊥⊥⊥⊥⊥⊥⊥⊥⊥⊥⊥⊥⊥⊥⊥⊥⊥⊥⊥⊥∈⊥⊥⊥⊥⊥⊥⊥⊥⊥⊥⊥⊥⊥⊥⊥⊥⊥⊥⊥⊥⊥⊥⊥⊥⊥⊥⊥⊥⊥⊥⊥⊥⊥⊥⊥⊥⊥⊥⊥⊥⊥⊥⊥⊥⊥⊥⊥⊥⊥⊥⊥⊥⊥⊥⊥⊥⊥⊥⊥⊥⊥⊥⊥⊥⊥⊥⊥⊥⊥⊥∈⊥⊥⊥⊥⊥⊥⊥⊥⊥⊥⊥⊥⊥⊥⊥⊥⊥⊥⊥⊥⊥⊥⊥⊥⊥⊥⊥⊥⊥∈⊥⊥⊥⊥⊥⊥⊥⊥⊥⊥⊥⊥⊥⊥⊥⊥⊥⊥⊥⊥⊥⊥⊥⊥⊥∈⊥⊥⊥⊥⊥⊥⊥⊥⊥⊥⊥⊥⊥⊥⊥⊥⊥⊥⊥⊥⊥⊥⊥⊥⊥⊥⊥⊥⊥⊥⊥⊥⊥⊥⊥⊥⊥⊥⊥⊥⊥⊥⊥⊥⊥⊥⊥⊥⊥⊥⊥⊥⊥⊥⊥⊥
B	51	DARPin_CONSENSUS.pdb	⊥⊞⊞◻∋⊥⊥◻⊤⊢∈⊥∈⊞⊥◻≺≺⊙⊙◻⊤◻⊞∈⊥∈⊥⊤⋈⊙⋈⊤⊙◻⊤◻⊞⊙⊥∈∋⊥⊞⋈⊞⋈⊥⊤⊤⊥
B	56	pbp2a_binder_s42.pdb	⋈⊞≺⋈⊢⊙⊥≺⋈≺⊢◻⊢≺∈∋⊢∋≺⊞⊢⊞⊙⊢◻∈⊢⊞⊣⊢⊢⊤⊞⊢⊢⊥◻≺≺⊢⊢⊞◻∋∈◻⊙⊣⊤≺⊣⊢⊣⊢∈⊤
B	61	1LYZ.pdb	⊞⋈≻◻⊢⊞⊙⊥∈≺≺∈⊣≻⊞⋈◻∈⋈∈∋∈∈⊥⊥≺⊤∋⊤∈⊣⊣≻∈⊥∈≻∈⊤≻⊥⊤∈≻⊞⊞⊤⊥∈⊢∈⊣⊣∈≻⊞⊥∋⊣⊤≻
B	61	lysozyme_exact_platonic.pdb	⊞⋈≻◻⊢⊞⊙⊥∈≺≺∈⊣≻⊞⋈◻∈⋈∈∋∈∈⊥⊥≺⊤∋⊤∈⊣⊣≻∈⊥∈≻∈⊤≻⊥⊤∈≻⊞⊞⊤⊥∈⊢∈⊣⊣∈≻⊞⊥∋⊣⊤≻
B	61	lysozyme_platonic.pdb	⊞⋈≻◻⊢⊞⊙⊥∈≺≺∈⊣≻⊞⋈◻∈⋈∈∋∈∈⊥⊥≺⊤∋⊤∈⊣⊣≻∈⊥∈≻∈⊤≻⊥⊤∈≻⊞⊞⊤⊥∈⊢∈⊣⊣∈≻⊞⊥∋⊣⊤≻
B	73	DARPin_odot_schiz.pdb	⊥⊞⊞◻∋⊥⊥◻⊤⊢∈⊥∈⊥⊞⊥≺⊙⊞⊙◻⊤◻⊞⊥∈⊥⊞∈≺⊙⊣⊞⊙◻⊤◻⊞∈⊥∈⊥⊞⊥≺⊙≺⊙◻⊤◻⊞⊥∈∋⊥⊞⋈⊞⋈⊥⊤⊤⊥∈∈◻⊥◻⊤∋⊞∈
B	74	DARPin_NMDA.pdb	⊥⊞⊞◻∋⊥⊥◻⊤⊢∈⊥∈⊥⊞∈≺⊙⊢⊙◻⊤◻⊞∈⊥∈⊥⊞∈≺⊙⊣⊞⊙◻⊤◻⊞∈⊥∈⊥⊞⊥≺⊙⊙⊙◻⊤◻⊞⊥∈∋⊥⊞⋈⊞⋈⊥⊤⊤⊥∈∈◻⊥◻⊤∋⊞∈
B	75	PBP2A_DOMAIN.pdb	⊢⊞⊞⊤⊞⊤⊤⊤⋈⋈≺⋈≺⊞⊞⊞◻∈∈∋⊞⊥◻⊢⊞⊤⊥∈⊞⊥∈∈∈∈∈∈⊞∈∈∈∈⊥∈⊞∈∈∈∈⊥∈⊞∈∈∈∈⊥∈⊞∈∈∈∈∈∈⊥∈⊞∈∈∈∈⊥∈⊞∈
F	102	VEGF165_HUMAN.pdb	⊢∈⋈⊣⊙⊣≺⊙⊙⊞⊣∋⊢◻∋∈⊙⊙◻⊞⋈⊢⊥≺∋≺≻⊙⊤◻⊥⊤⋈∋◻≺⊥◻⊤◻≺⊤⋈⊞≻⊢≻≻≻∈⊥◻◻≻◻◻∈⊤⊢∋⊤⊢⊤⊞⊙∋∋⊙⊤◻⊢⋈∋⊙∈⊞≻◻≻⊞⊞⊥∋◻⊞⊞⊞⊞∋⊞⊞⊞⊞≺⊞⊣≺≻≻⊢⊣⊙
F	38	1UBQ.pdb	⊢∋⊤⋈⊞⊞⊤◻◻⊥⊤◻∈⊞⊞⊤∋⊥⊞◻⊤⊥∋∋⊤⋈⊞∋◻⊥⊥≺∈⊤∋⊞◻⊙
F	43	HUMAN_INSULIN.pdb	⊢⊣⊢⊣⊥⋈∈∋⊙≻⊙◻≺≻◻⋈⋈≺⊞◻◻⊥∋∋◻∋◻∋⊞⊤◻∋≻≻⊤≻≺∋◻∈≺≻∈
F	52	pbp2a_binder_s590.pdb	∋≺⊢⊣⋈◻⊞⊣⊣⋈⋈◻⊙⋈⊥⊣⊣⋈≺⊣⋈⊙⊢∈◻⊢∋◻∋⊢⊙⊢∋⊙∈≻⊣∋◻⋈⊢⊢◻⊤⊤⊢⊥∋⊞⊣⊣⊞
F	60	pbp2a_binder_s316.pdb	∈⋈⊢⋈⊥⊣◻∋⊤⊞≺≻≺⊞⊙≺⊣∋∋⊣◻◻⊢⊣⊢≺∈⊣⊙⊢⊢⋈⊙≺◻◻≻⊢∋∋∋⊢≺⊞⊥⊤⊣⊥∋≺≺◻≻⊤≺⊤∈◻⋈⋈
F	61	rebis_chain_protein.pdb	⊢≻≻⋈≻∈⊥∈⊙⋈≺⊤∈≺◻◻⊞⊞⊞∈⊢⊤⊞∋∋⊞⊙⋈⊞⊤∋⊞⊞⊞⋈≺≺∋∈∋⊢⊤⊞∋≺≺◻◻⊙◻⋈⊥∋⊤≻≻⊞⊥⊣∋≺
F	63	CesA_rosette_LAC17_structure.pdb	⊣∋⊢∋∈≻⊤⊙⊣≻◻≻≻∋≺≻⊞⊢∋≺⊙∈⋈⊣⊞≺∋⊙⊢⊤◻⊤⊙◻∈◻◻⋈⊢⊞⊙⊞⋈⊤≺⊤∈⊣∋⋈◻⊤◻⋈⊢⊙◻≻⊢⊤⊙⊙⊙
F	64	pbp2a_binder_s453.pdb	⊥⊢⋈≺∋⊞⊤≺∈≺⊣≻⊢⊙∋⊣≺◻⊢≻⋈∋∋⊣⋈≻◻◻⊢≻◻⋈⊙∈⋈≺≻⊙⊢≺⊞∋≺⊣⊙≺◻⊞⊞⋈≺⊥∋◻≺∋⊣⋈⊣∈⊞⊢⊙⊞
F	86	protein_coords.pdb	⊢◻≺⊞⊞⊤∋⊤∋∈⊙⋈⊥◻≺⊥⊤◻⊥≺⊞∋⊤⊥◻≻⊥⊤⊥∋◻◻≺⊢⊥∋≺⊢◻⋈≻⋈⊤∈∈⊞⋈◻⊥⊤⊙⊙≺◻∋⊤⊞⊞⊥◻⊥⊢∈⊞≻⊥⊥⊞∋∋⊥≺⊤⋈⊤◻⊞∋⊥⊥⋈≺◻⊤⊞⊙
F	9	protein_coords.pdb	⊢⊥≻≺⊞⊥⊞⊤∋
F	9	protein_coords.pdb	⊢⊥≻≺⊞⊥⊞⊤∋
F	9	protein_coords.pdb	⊢⊥≻≺⊞⊥⊞⊤∋
F	9	protein_coords.pdb	⊢⊥≻≺⊞⊥⊞⊤∋
F	9	protein_coords.pdb	⊢⊥≻≺⊞⊥⊞⊤∋
F	9	protein_coords.pdb	⊢⊥≻≺⊞⊥⊞⊤∋
F	9	protein_coords.pdb	⊢⊥≻≺⊞⊥⊞⊤∋
F	9	protein_coords.pdb	⊢⊥≻≺⊞⊥⊞⊤∋
F	9	protein_coords.pdb	⊢⊥≻≺⊞⊥⊞⊤∋
F	9	protein_coords.pdb	⊢⊥≻≺⊞⊥⊞⊤∋
F	9	protein_coords.pdb	⊢⊥≻≺⊞⊥⊞⊤∋
F	9	protein_coords.pdb	⊢⊥≻≺⊞⊥⊞⊤∋
N	10	DARPin_gp120.pdb	⊢⊣⋈⊥⊙≺⊣⊣⊞⊥
N	11	DARPin_PBP2a.pdb	⊢⊣⋈⊥⊙⋈≺⊣⊣⊞⊥
N	12	Biofilm_Disruptor.pdb	⊢⊣⋈⊥⊙⋈≺⊣⊣⊞⊥⊞
N	12	DARPin_5HT2A.pdb	⊢⋈⊥≻⊙≺⊣⊣⊞≺⊥⊞
N	12	DARPin_CFTR.pdb	⊢⊣⋈⊥≻⊙≺⋈⊣⊞⊥⊞
N	12	DARPin_LHR.pdb	⊢⊣⋈⊥⊙⋈≺⊣⊣⊞≺⊥
N	12	FSH_odot.pdb	⊢⊣⋈⊥≻⊙⋈≺⊣⊞≺⊥
N	13	CART_odot.pdb	⊢⊣⋈⊥≻⊙⋈≺⊣⊞≺⊥⊞
N	14	insulin_b_chain_exact_platonic.pdb	⋈∈∋⊙≻⊙◻≺≻◻⋈⋈≺⊞
N	14	insulin_b_chain_platonic.pdb	⋈∈∋⊙≻⊙◻≺≻◻⋈⋈≺⊞
N	7	alpha_msh_exact_platonic.pdb	≺⊢◻⊙⋈⊣⊞
N	7	alpha_msh_platonic.pdb	≺⊢◻⊙⋈⊣⊞
N	7	ionocyte_channel_complex.pdb	⊤⋈⊤⊙⊙⊙◻
T	14	insulin_a_chain_exact_platonic.pdb	⊤◻∋≻≻⊤≻≺∋◻∈≺≻∈
T	14	insulin_a_chain_platonic.pdb	⊤◻∋≻≻⊤≻≺∋◻∈≺≻∈
T	16	beta_endorphin_exact_platonic.pdb	≺⋈⊢◻⊞∋⋈⊞∈⊤⊞∈⊙⊞⊞∋
T	16	beta_endorphin_platonic.pdb	≺⋈⊢◻⊞∋⋈⊞∈⊤⊞∈⊙⊞⊞∋
T	20	1VII.pdb	⊢⊥◻⊥⋈⊞⋈⊢⋈∈⊣⊞∋∋∈⊞⊞◻⊞⋈
T	266	1L2Y.pdb	∈≺⊤∋⊣⊞⊥∈≺⊤∋⊣⊞⊥∈≺⊤∋⊣⊞⊥∈≺⊤∋⊣⊞⊥∈≺⊤∋⊣⊞⊥∈≺⊤∋⊣⊞⊥∈≺⊤∋⊣⊞⊥∈≺⊤∋⊣⊞⊥∈≺⊤∋⊣⊞⊥∈≺⊤∋⊣⊞⊥∈≺⊤∋⊣⊞⊥∈≺⊤∋⊣⊞⊥∈≺⊤∋⊣⊞⊥∈≺⊤∋⊣⊞⊥∈≺⊤∋⊣⊞⊥∈≺⊤∋⊣⊞⊥∈≺⊤∋⊣⊞⊥∈≺⊤∋⊣⊞⊥∈≺⊤∋⊣⊞⊥∈≺⊤∋⊣⊞⊥∈≺⊤∋⊣⊞⊥∈≺⊤∋⊣⊞⊥∈≺⊤∋⊣⊞⊥∈≺⊤∋⊣⊞⊥∈≺⊤∋⊣⊞⊥∈≺⊤∋⊣⊞⊥∈≺⊤∋⊣⊞⊥∈≺⊤∋⊣⊞⊥∈≺⊤∋⊣⊞⊥∈≺⊤∋⊣⊞⊥∈≺⊤∋⊣⊞⊥∈≺⊤∋⊣⊞⊥∈≺⊤∋⊣⊞⊥∈≺⊤∋⊣⊞⊥∈≺⊤∋⊣⊞⊥∈≺⊤∋⊣⊞⊥∈≺⊤∋⊣⊞⊥∈≺⊤∋⊣⊞⊥
T	28	3I40.pdb	⊤◻∋≻≻⊤≻≺∋◻∈≺≻∈⋈∈∋⊙≻⊙◻≺≻◻⋈⋈≺⊞
T	54	pbp2a_binder_s179.pdb	⊣⊙◻⋈≻∋⊣⊣⊥⊣⋈◻◻⊢◻⊤⊢⋈⋈≻∈⊞⊞◻≺⊞⊞≻≻⋈⊙⋈∋⋈≻⋈⊥∈⊣⊢∋◻⊢⊞⊞∋⊞⋈∈⊞◻⊙⊞∈
T	88	PSII_D1_structure.pdb	≻⊞⊤⊙◻≺≺⊥∈⋈⊞⊥⊞≺◻∈≺⋈⊞⊥⊣⊣⋈⊢⊙∈⋈≻⊥≺⊤⋈⋈≺◻⊞⊥◻≺≻⊤≺≻≻⊢⊢⊥⊤⊙≻⊥⊞⋈⊢≺⊤⊤⋈⊣∋⊣⊙∈⋈∋⊤≻⋈⊙⊣⊥⋈⊤∋⊤⊢⊥⊙≺⋈⊙≻⋈≺⊣∋⊥⊙
